{
    "camera_matrix": [
        [
            965.316421155445,
            0.0,
            643.3208200516275
        ],
        [
            0.0,
            962.5546606000333,
            365.1795664973755
        ],
        [
            0.0,
            0.0,
            1.0
        ]
    ],
    "distortion_coefficients": [
        [
            -0.14298076912470528,
            0.22901305960806986,
            0.0007209457834430484,
            -0.0019674879624857027,
            -0.16195857504832203
        ]
    ]
}